,alpha,beta1
theta,0.8250218709568584,0.5789991582520632
ese,0.17386406101273974,0.20358265222750152
